Clinic Name,Location,Size,Contact Name,Phone,Email,Instagram,Website,Status,Priority,Notes,Last Contact,Next Action
Veterinaria San Roque,San Lorenzo,Medium,,,,,https://veterinariasanroque.com.py,Not Contacted,High,Near our area,N/A,Research contact
Hospital Veterinario Acosta Ñu,Luque,Large,,,,,https://www.acostanu.com.py,Not Contacted,High,Major hospital,N/A,Research contact
Clínica Veterinaria del Sol,Villa Morra,Medium,,,,,https://clinicaveterinariasol.com,Not Contacted,High,Premium area,N/A,Research contact
Pet Center Paraguay,Carmelitas,Medium,,,,,https://petcenterpy.com,Not Contacted,Medium,,N/A,Research contact
Veterinaria Norte,Mburucuyá,Small,,,,,,,Not Contacted,Medium,,N/A,Find on Maps
Clínica Veterinaria Central,Centro,Medium,,,,,,,Not Contacted,Medium,Central location,N/A,Research
VetPlus Asunción,Recoleta,Small,,,,,,,Not Contacted,Medium,,N/A,Research
Clínica Santa Ana,Fernando de la Mora,Small,,,,,,,Not Contacted,Low,,N/A,Research
Veterinaria Lambaré,Lambaré,Small,,,,,,,Not Contacted,Low,,N/A,Research
